"SKU","Name","Price","Short_Description","Description","Category","Brand","Images","Quantity"
"PC Gaming Core i7 FA05","PC Gaming Core i7 / GTX 950 Chiến Game Fifa, Liên Minh, Đột Kích, Liên Quân, Free Fire, Audition (Tặng Phím Chuột)",5360000,"
PC Gaming Core i7 / GTX 950 Chiến Game Fifa, Liên Minh, Đột Kích, Liên Quân, Free Fire, Audition (Tặng Phím Chuột)CẤU HÌNH PC GAMING GIÁ TỐT CHIẾN GAME FIFA, LIÊN MINH, LIÊN QUÂN, FREEFIRE, ... Làm việc văn phòng, Photoshop
*** CẤU HÌNH i5 - Main H6","<p><img src=""https://media3.scdn.vn/img4/2023/05_24/u3eOVyUlbdHrKPU5E32T.jpg""><img src=""https://media3.scdn.vn/img4/2023/05_24/kRgnaOhtzm86Ey4Dn4tP.jpg""></p>
<p>PC Gaming Core i7 / GTX 950 Chiến Game Fifa, Liên Minh, Đột Kích, Liên Quân, Free Fire, Audition (Tặng Phím Chuột)<br>CẤU HÌNH PC GAMING GIÁ TỐT CHIẾN GAME FIFA, LIÊN MINH, LIÊN QUÂN, FREEFIRE, ... Làm việc văn phòng, Photoshop</p>
<p>*** CẤU HÌNH i5 - Main H61 ***<br>- Mainboard H61 Socket 1155 Nguyên Zin, Chính Hãng<br>- CPU Core I5 3470 Socket 1155<br>- Fan T400i / N120 Led RGB New Box<br>- Ram 8G/1600 (1 cây 8G hoặc 2 cây 4G chạy Dual)<br>- SSD 256GB New Box<br>- VGA GTX 950 thoải mái chiến Game<br>- Case VSP FA05 (Trắng/Đen) Kính Cường Lực + 6 Fan Case Led RGB cực đẹp New Box<br>- Nguồn VSP 500W Công suất thực<br>- Khuyến mãi : Phím chuột + lót chuột + dây mạng<br>=&gt; Bảo hành 12 Tháng</p>
<p>* Shop biết quý khách có nhiều lựa chọn nhưng vẫn lựa chọn Vi Tính Gia Phát. Một lần nữa Vi Tính Gia Phát xin chân thành cảm ơn quý khách đã tin tưởng lựa chọn và ủng hộ Shop. </p>
<p>Hỗ trợ 24/7<br>Thông tin liên lạc:<br>- HOT LINE: 0908.952.369 ( Call hoặc ZL Gặp Đại )</p>","Laptop, Máy tính & Thiết bị văn phòng, Máy tính để bàn, Máy tính để bàn","OEM","https://media3.scdn.vn/img4/2023/05_24/kRgnaOhtzm86Ey4Dn4tP.jpg, https://media3.scdn.vn/img4/2023/05_24/3JnMAGkjFMgHeOLW5XbU.jpg, https://media3.scdn.vn/img4/2023/05_24/5KVzwm8NNHhrm1zomATd.jpg, https://media3.scdn.vn/img4/2023/05_24/G14CLdiCp98R9PQXIip5.jpg, https://media3.scdn.vn/img4/2023/05_24/u3eOVyUlbdHrKPU5E32T.jpg, https://media3.scdn.vn/img4/2023/05_24/Coj47TMWIojTbodzaEjS.jpg, https://media3.scdn.vn/img4/2023/05_24/F9PTWZ54dvcRLvjoJm6Z.jpg, https://media3.scdn.vn/img4/2023/05_24/nf4NJlz2txJHiSSxo6kM.jpg",54
"PC FULL HỒNG i3 10105F","Máy PC Chiến Mọi Gaming Full Hồng New 100% BH 03 Năm - i3 10105F / H410 / Ram 16G / Card RX 560 / SSD Nvme 512GB",10340000,"
Máy PC Chiến Mọi Gaming Full Hồng New 100% BH 03 Năm - i3 10105F / H410 / Ram 16G / Card RX 560 / SSD Nvme 512GB
Máy Chiến Game - Đồ Hoạ cực chất - Bao rẻ New 100%=&gt; Hình ảnh thật 100%, Full bộ Hồng cực xinh xắn thông qua hình chưa diễn tả hết vẻ","<p><img src=""https://media3.scdn.vn/img4/2023/10_26/lecuaYTT2LGUE1MH6qAa.jpg""><img src=""https://media3.scdn.vn/img4/2023/10_26/a4Svnsaj6ZMsEeLaBdkv.jpg""></p>
<p>Máy PC Chiến Mọi Gaming Full Hồng New 100% BH 03 Năm - i3 10105F / H410 / Ram 16G / Card RX 560 / SSD Nvme 512GB</p>
<p>Máy Chiến Game - Đồ Hoạ cực chất - Bao rẻ New 100%<br>=&gt; Hình ảnh thật 100%, Full bộ Hồng cực xinh xắn thông qua hình chưa diễn tả hết vẻ đẹp của em ấy<br>=&gt; Sản phẩm New 100%, bảo hành chính hãng<br>=&gt; Chiến các Game, thiết kế đồ hoạ, Render Video, học tập, lướt net, xem phim đều mượt mà<br>=&gt; Hỗ trợ 24/7 Trước - Trong - Sau bán, bảo hành nhanh chóng cho mọi người yện tâm!!!</p>
<p>THÔNG TIN CẤU HÌNH<br>- Mainboard H410 Socket 1200 New BH 36 Tháng<br>- CPU Core i3 10105F (3.70 Up to 4.40GHz, 6M, 4 Cores 8 Threads) Tray New BH 36 Tháng<br>- Fan Tản nhiệt khí T400i Coolerman cực mát New<br>- Ram 16GB (1 cây 16GB hoặc 2 cây 8GB Dual) New BH 36T<br>- SSD Nvme 512GB tốc độ cao, vào Win nhanh chóng, New BH 36T<br>- VGA ASUS RX560 4G New BH 36 Tháng<br>- Case Gaming ES1 Hồng + 4 Fan Led cực đẹp New<br>- Nguồn VSP 600W Công suất thực New BH 36T<br>- Phím chuột Hồng + lót phím chuột + Loa (Mẫu mã giao ngẫu nhiên theo loại Shop đang có sẵn trong kho, vui lòng inbox để xem trước)<br>- Màn hình V2408S Hồng (75Hz / Full HD / 24inch / Tấm nền IPS) hiển thị màu sắc cực nét, bảo vệ mắt<br>CHỈ BỘ PC + PHÍM CHUỘT : 9.400.000 VNĐ<br>FULL BỘ PC + MÀN HÌNH + PHÍM CHUỘT : 11.350.000 VNĐ</p>
<p>* Shop biết quý khách có nhiều lựa chọn nhưng vẫn lựa chọn Vi Tính Gia Phát. Một lần nữa Vi Tính Gia Phát xin chân thành cảm ơn quý khách đã tin tưởng lựa chọn và ủng hộ Shop. </p>
<p>Hỗ trợ 24/7<br>Thông tin liên lạc:<br>- HOT LINE: 0908.952.369 ( Call hoặc ZL )</p>","Laptop, Máy tính & Thiết bị văn phòng, Máy tính để bàn, Máy tính để bàn","OEM",", https://media3.scdn.vn/img4/2023/10_26/3mNx6w3UCVFFJGY1BprF.jpg, https://media3.scdn.vn/img4/2023/10_26/gxIeBE3Rn5ifvRxxKPvW.jpg, https://media3.scdn.vn/img4/2023/10_26/lecuaYTT2LGUE1MH6qAa.jpg, https://media3.scdn.vn/img4/2023/10_26/a4Svnsaj6ZMsEeLaBdkv.jpg, https://media3.scdn.vn/img4/2023/10_26/eLuvr1uPHsVyDEcwhNUh.jpg, https://media3.scdn.vn/img4/2023/10_26/OxVDlHskA33nGTlDII7R.jpg, https://media3.scdn.vn/img4/2023/10_26/3FIgF7py2NVSr1fmeu7J.jpg, https://media3.scdn.vn/img4/2023/10_26/ijjRSDoQBoOBG0utfwCi.jpg, https://media3.scdn.vn/img4/2023/10_26/uRXBIrW3SJppeYAnLVP2.jpg, https://media3.scdn.vn/img4/2023/10_26/RktKM1XLfuuD1ky2NeZx.jpg",59
"NOX213213","PC Xeon Giả lập NOX Game online Đồ họa",5800000,"
MAIN HUANANZHI X79-4M
CPU INTEL XEON E5 2670 V2 TRAY 
RAM DDR3 ECC 32GB BUS 1600 
Tản nhiệt CPU CR-1200
CASE XIGMATEK XF3
Nguồn máy tính Segotep S7 GT 550W 
SSD 256 G M2
VGA GT730 2g
","<ul style=""color: #212529; font-size: 14px;"">
<li><img src=""https://media3.scdn.vn/img4/2023/06_27/omLxZKFyVI9L8CmOtVqC.jpg"">MAIN HUANANZHI X79-4M</li>
<li>CPU INTEL XEON E5 2670 V2 TRAY </li>
<li>RAM DDR3 ECC 32GB BUS 1600 </li>
<li>Tản nhiệt CPU CR-1200</li>
<li>CASE XIGMATEK XF3</li>
<li>Nguồn máy tính Segotep S7 GT 550W </li>
<li>SSD 256 G M2</li>
<li>VGA GT730 2g</li>
</ul>","Laptop, Máy tính & Thiết bị văn phòng, Máy tính để bàn, Máy tính để bàn","OEM","https://media3.scdn.vn/img4/2023/06_27/omLxZKFyVI9L8CmOtVqC.jpg",100
"Full bộ PC Gaming MÀU HỒNG","Full bộ PC Gaming MÀU HỒNG + Màn hình + Phím chuột + Loa + Tai Nghe - Cấu hình cực mạnh chiến mọi Game BH 12T",9900000,"
Full Combo Máy Tính màu hồng cực xinh ES1 Hồng thật dễ thương cho các bạn nữ, hoặc các bạn nam làm quà tặng cho người thân của mình thì thật hết ý.- Máy chiến mọi Game cực mượt vì có CPU cực mạnh + VGA 8G + Ram 16GB, làm photoshop, công việc văn phò","<p><img src=""https://media3.scdn.vn/img4/2023/05_18/1NvW7t5MH4VO053onaCC.jpg""><img src=""https://media3.scdn.vn/img4/2023/05_18/hYSbtj36DEiP4OVAkg50.jpg""><img src=""https://media3.scdn.vn/img4/2023/05_18/FJjhVWMS36TNmUc6Byma.jpg""></p>
<p>Full Combo Máy Tính màu hồng cực xinh ES1 Hồng thật dễ thương cho các bạn nữ, hoặc các bạn nam làm quà tặng cho người thân của mình thì thật hết ý.<br>- Máy chiến mọi Game cực mượt vì có CPU cực mạnh + VGA 8G + Ram 16GB, làm photoshop, công việc văn phòng, lướt net xem phim cũng rất mượt mà.</p>
<p>CẤU HÌNH:<br>CẤU HÌNH CHƯA GỒM MÀN HÌNH: 9.000.000 VNĐ<br>CẤU HÌNH FULL CÓ MÀN HÌNH: 10.980.000 VNĐ</p>
<p>THÔNG TIN CẤU HÌNH<br>- Mainboard H310 Socket 1151 BH 12 Tháng<br>- CPU Core i5 9400F (4.10GHz, 9M, 6 Cores 6 Threads) Tray BH 36 Tháng<br>- Fan Tản nhiệt khí T900i / T400i Coolerman cực mát New<br>- Ram 16GB (1 cây 16GB hoặc 2 cây 8GB Dual) BH 12T<br>- SSD 512GB tốc độ cao, vào Win nhanh chóng, New BH 36T<br>- VGA RX580 8G BH 12T<br>- Case Gaming ES1 Hồng + 4 Fan Led cực đẹp New<br>- Nguồn VSP 600W Công suất thực New BH 36T<br>- Phím chuột Hồng + lót phím chuột + Loa + Tai nghe (Mẫu mã giao ngẫu nhiên theo loại Shop đang có sẵn trong kho, vui lòng inbox để xem trước)<br>- Màn hình V2408S Hồng (75Hz / Full HD / 24inch / Tấm nền IPS) hiển thị màu sắc cực nét, bảo vệ mắt</p>
<p>* Shop biết quý khách có nhiều lựa chọn nhưng vẫn lựa chọn Vi Tính Gia Phát. Một lần nữa Vi Tính Gia Phát xin chân thành cảm ơn quý khách đã tin tưởng lựa chọn và ủng hộ Shop. </p>
<p>Hỗ trợ 24/7<br>Thông tin liên lạc:<br>- HOT LINE: 0908.952.369 ( Call hoặc ZL Gặp Đại )</p>","Laptop, Máy tính & Thiết bị văn phòng, Máy tính để bàn, Máy tính để bàn","OEM","https://media3.scdn.vn/img4/2023/05_18/FJjhVWMS36TNmUc6Byma.jpg, https://media3.scdn.vn/img4/2023/05_18/xgGLF1ZKj10MRKYuPYbh.jpg, https://media3.scdn.vn/img4/2023/05_18/nCaE4jjDcEdjCnJNeN8y.jpg, https://media3.scdn.vn/img4/2023/05_18/hYSbtj36DEiP4OVAkg50.jpg, https://media3.scdn.vn/img4/2023/05_18/1NvW7t5MH4VO053onaCC.jpg, https://media3.scdn.vn/img4/2023/05_18/GvXFEGAnxlwg0FxLcRuz.jpg, https://media3.scdn.vn/img4/2023/05_18/kwK4cTQP93ftspMrg8d3.jpg, https://media3.scdn.vn/img4/2023/05_18/6hFiyYbbqvYkxJBHp0JQ.jpg",59
"PC GAMING i3 9100F, i5 9400F, I3 10100F","Bộ máy tính PC Gaming Cao Cấp Giá Rẻ i3 9100F, i5 9400F, I3 10100F, I3 12100F, I5 12400F chơi mọi Game Online, Gata5",6870000,"
CẤU HÌNH CORE i3 - GEN 9- Mainboard H310- CPU Intel Core I3 9100F (4.2GHz, 6M, 4 Cores 4 Threads)- Fan CPU T400i/T900i- Ram4 16G- SSD 256GB- VGA GTX 950 thoải mái chiến Game- Case Emaster ECG750 2 mặt kính cường lưc + 4 Fan led lấp lánh- Nguồn VSP 5","<p><img src=""https://media3.scdn.vn/img4/2023/07_19/zNA67S8hJGvqzESVhzpr.jpg""><img src=""https://media3.scdn.vn/img4/2023/07_19/0IdWRd3LJKB4IlXzSGnt.jpg""></p>
<p>CẤU HÌNH CORE i3 - GEN 9<br>- Mainboard H310<br>- CPU Intel Core I3 9100F (4.2GHz, 6M, 4 Cores 4 Threads)<br>- Fan CPU T400i/T900i<br>- Ram4 16G<br>- SSD 256GB<br>- VGA GTX 950 thoải mái chiến Game<br>- Case Emaster ECG750 2 mặt kính cường lưc + 4 Fan led lấp lánh<br>- Nguồn VSP 500W New Box công suất thực<br>- Khuyến Mãi Phím Chuột + Lót chuột + dây mạng<br>=&gt; Giá : 6.250.000 VNĐ<br>=&gt; Bảo hành 12 tháng<br>*************************************<br>CẤU HÌNH CORE i5 - GEN 9<br>- Mainboard H310<br>- CPU Intel Core I5 9400F (4.10GHz, 9M, 6 Cores 6 Threads)<br>- Fan CPU T400i/T900i<br>- Ram4 16G<br>- SSD 256GB<br>- VGA GTX 1060 3G thoải mái chiến game<br>- Case Emaster ECG750 2 mặt kính cường lưc + 4 Fan led lấp lánh<br>- Nguồn VSP 600W New Box công suất thực<br>- Khuyến Mãi Phím Chuột + Lót chuột + dây mạng<br>=&gt; Giá : 7.450.000 VNĐ<br>=&gt; Bảo hành 12 tháng, VGA 03 Tháng<br>***************************************<br>CẤU HÌNH CORE i3 - GEN 10<br>- Mainboard H410/H510 New<br>- CPU Intel Core I3 10100F (3.60 Up to 4.30GHz, 6M, 4 Cores 8 Threads)<br>- Fan CPU T400i/T900i<br>- Ram4 16G<br>- SSD 512GB<br>- VGA RX560 4G New box<br>- Case Emaster ECG750 2 mặt kính cường lưc + 4 Fan led lấp lánh<br>- Nguồn VSP 600W New Box công suất thực<br>- Khuyến Mãi Phím Chuột G21<br>=&gt; Giá : 8.600.000 VNĐ<br>=&gt; Bảo hành 12 Tháng - VGA 36 Tháng</p>
<p>* Shop biết quý khách có nhiều lựa chọn nhưng vẫn lựa chọn Vi Tính Gia Phát. Một lần nữa Vi Tính Gia Phát xin chân thành cảm ơn quý khách đã tin tưởng lựa chọn và ủng hộ Shop. </p>
<p>Hỗ trợ 24/7<br>Thông tin liên lạc:<br>- HOT LINE: 0908.952.369 ( Call hoặc ZL Gặp Đại )</p>","Laptop, Máy tính & Thiết bị văn phòng, Máy tính để bàn, Máy tính để bàn","OEM","https://media3.scdn.vn/img4/2023/07_19/0IdWRd3LJKB4IlXzSGnt.jpg, https://media3.scdn.vn/img4/2023/07_19/rWtDCkCGM7OdsAFkJSZv.jpg, https://media3.scdn.vn/img4/2023/07_19/MerRpPvbXP1jn9fNFxQQ.jpg, https://media3.scdn.vn/img4/2023/07_19/GsmhRX6RpOI8jeJlsFLu.jpg, https://media3.scdn.vn/img4/2023/07_19/OJetANDW0IV7HKC4mtQ3.jpg, https://media3.scdn.vn/img4/2023/07_19/rLRlZrZ4TYUkJkPBsOXw.jpg, https://media3.scdn.vn/img4/2023/07_19/XVAb5kKhDV31vcRHz4GG.jpg, https://media3.scdn.vn/img4/2023/07_19/zNA67S8hJGvqzESVhzpr.jpg, https://media3.scdn.vn/img4/2023/07_19/neMVJmQom55yuskcjMpU.jpg, https://media3.scdn.vn/img4/2023/07_19/AXdw0y5YNdhfJv7lomzz.jpg",55
"[THANH LÝ] Bộ PC Gaming V212","[THANH LÝ] Bộ PC Gaming V212 kèm màn hình 24inch New Chiến Game Fifa, Liên Minh - Bảo hành 12T",4390000,"Thanh lý bộ PC Gaming V212 Chiến Game BH 12T
🔥 Cấu hình:- Mainboard H81 Sk 1150 Gen 4- Cpu Xeon E3 1230/1231 4 core 8 luồng mạnh như i7 4770 / 4790- Fan Leopage A200 Led- Ram3 16G- SSD 128G Fuller New box- HDD 500G Sata 3 Renew- VGA GTX 750Ti 2G/D5 G","<p>Thanh lý bộ PC Gaming V212 Chiến Game BH 12T</p>
<p>🔥 Cấu hình:<br>- Mainboard H81 Sk 1150 Gen 4<br>- Cpu Xeon E3 1230/1231 4 core 8 luồng mạnh như i7 4770 / 4790<br>- Fan Leopage A200 Led<br>- Ram3 16G<br>- SSD 128G Fuller New box<br>- HDD 500G Sata 3 Renew<br>- VGA GTX 750Ti 2G/D5 Giga/Asus/Galax Xịn Sò như new ( Bh 3T )<br>- Case Gaming VSP V212 + 2 Fan<br>- Nguồn Delta P350 350W Công suất thực New Box bh 36T<br>- Khuyến mãi : Phím chuột + lót chuột<br>👉 Thời gian bảo hành : 12 Tháng, VGA Bảo hành 3 Tháng<br>👉 Giá Chỉ : 3.990.000 VNĐ<br>👉 Chiến Game ngon : liên minh - Fifa - free fire.</p>
<p>💥 MUA KÈM MÀN HÌNH 24inch Gaming New Box chỉ 1.650.000 VNĐ</p>
<p>* Shop biết quý khách có nhiều lựa chọn nhưng vẫn lựa chọn Vi Tính Gia Phát. Một lần nữa Vi Tính Gia Phát xin chân thành cảm ơn quý khách đã tin tưởng lựa chọn và ủng hộ Shop. </p>
<p>Hỗ trợ 24/7<br>Thông tin liên lạc:<br>- HOT LINE: 0908.952.369 ( Call hoặc ZL Gặp Đại )</p>","Laptop, Máy tính & Thiết bị văn phòng, Máy tính để bàn, Máy tính để bàn","OEM",", https://media3.scdn.vn/img4/2024/04_23/o1pvPjPDOynjgTQTsTb8.jpg, https://media3.scdn.vn/img4/2024/04_23/Djk5FcYNXo7uF5CYOsl0.jpg, https://media3.scdn.vn/img4/2024/04_23/EArUzL3yEXO8KF8mAaO3.jpg, https://media3.scdn.vn/img4/2024/04_23/N4RZuSbxK0VwAgsMaUE5.jpg, https://media3.scdn.vn/img4/2024/04_23/oFqIvvemoF5EfdC2RL1f.jpg, https://media3.scdn.vn/img4/2024/04_23/gQRegID7o7wVioaU4Rl3.jpg, https://media3.scdn.vn/img4/2024/04_23/i4eDeRkGWLuoBHRWMb6T.jpg, https://media3.scdn.vn/img4/2024/04_23/C0dB8VCIIzyubjmBCSI7.jpg, https://media3.scdn.vn/img4/2024/04_23/gm965Dny2wvX4DMo87I0.jpg, https://media3.scdn.vn/img4/2024/04_23/M4FrnNbGfA7xLaYNCUXg.jpg",55
"Bộ máy tính PC Gaming I7 6700 - HQ50","Bộ máy tính PC Gaming I7 6700 , RTX 2060, 16GB Ram , SSD 512GB chiến mọi Game làm đồ hoạ Render Video ( BH 12 Tháng )",7180000,"
Bộ máy tính PC Gaming I7 6700 , RTX 2060, 16GB Ram , SSD 512GB chiến mọi Game làm đồ hoạ Render Video ( BH 12 Tháng )=&gt; Chiến mượt các Game Online và Offline như Gata 5, Fifa4, Csgo, Free Fire, Liên Minh, Audition, CF, Liên Quân,...=&gt; Chạy cực","<p><img src=""https://media3.scdn.vn/img4/2023/09_22/x06BplZIfq0k4Jp1ZgBJ.jpg""><img src=""https://media3.scdn.vn/img4/2023/09_22/cJWxtSM1SAaTk0qj64la.jpg""><img src=""https://media3.scdn.vn/img4/2023/09_22/w1EGewTvRiUSQjwWrwdS.jpg""></p>
<p>Bộ máy tính PC Gaming I7 6700 , RTX 2060, 16GB Ram , SSD 512GB chiến mọi Game làm đồ hoạ Render Video ( BH 12 Tháng )<br>=&gt; Chiến mượt các Game Online và Offline như Gata 5, Fifa4, Csgo, Free Fire, Liên Minh, Audition, CF, Liên Quân,...<br>=&gt; Chạy cực mượt các phần mềm văn phòng, Photoshop, Autocad,Corel,...<br>=&gt; Lướt net, xem phim vi vu.<br>=&gt; Anh Chị chọn cấu hình Card VGA theo nhu cầu sử dụng của mình:<br>- Nhu cầu Game liên minh nhẹ nhàng, văn phòng thì GT730<br>- Nhu cầu tầm trung thì GTX 960, RX470 8G, GTX 1050Ti, GTX 1060<br>- Nhu cầu cao cấp dùng 1660 Super, RTX 2060, GTX 1080</p>
<p>THÔNG SỐ KỸ THUẬT<br>STT MÃ LINH KIỆN TÊN LINH KIỆN THỜI HẠN BẢO HÀNH<br>1 CPU Core i7 6700 (3.4Ghz up to 4Ghz / 4 nhân / 8 luồng)    Bảo hành 12 Tháng<br>2 FAN         Tản nhiệt khí T400i / T900i cực mát<br>3 MAIN H110 Socket 1151 Super I7 6700 cực tốt Bảo hành 12 Tháng<br>4 RAM 16GB (1 cây 16GB hoặc 2 cây 8G chạy Dual) Bảo hành 12 Tháng<br>5 SSD         512GB vào Win cực nhanh, thoải mái lưu trữ dữ liệu Bảo hành 12 Tháng<br>6 CASE  Case HQ50 + 3 Fan Led RGB cực đẹp <br>7 VGA GT730 / GTX 960 / RX 470 8G / 1050Ti / 1060 3G / 1660 Super / RTX 2060 / GTX 1080 chiến Game Online mượt mà - Cũ Bảo hành 03 Tháng<br>8 NGUỒN VSP 700W xịn công suất thực Bảo hành 36 Tháng<br>9     Phím Chuột Led  + Lót chuột + Dây mạng</p>
<p>Bộ máy tính gaming với vi xử lý core i7 6700 cực mạnh đáp ứng nhu cầu về làm việc văn phòng, các ứng dụng vẽ 3d, chơi game Esport như liên minh huyền thoại, fifa 04, CS GO... với mức đồ hoạ max setting, đảm bảo mượt mà cho trải nghiệm tối đa.</p>
<p>Được hỗ trợ bởi 16GB Ram, máy có thể chạy song song nhiều ứng dụng mà không sợ bị quá tải, tràn ram...</p>
<p>Đi kèm là vỏ thùng máy tính kính cường lực VSP HQ50 cho thiết kế sang trọng, trẻ trung. Bộ nguồn VSP 700W cung cấp nguồn năng lượng tối đa cho máy tính mà không sợ bị thiếu hụt nguồn, và có thể dư dả để nâng cấp thêm trong tương lai.</p>
<p>Kết lại, Bộ máy tính Gaming i7 6700 cho trải nghiệm mượt mà, hiệu năng trên giá thành ổn áp, tất cả linh kiện đều được tối ưu cho hệ thống để không xảy ra lỗi hoặc sự cố ngoài ý muốn.</p>
<p>* Shop biết quý khách có nhiều lựa chọn nhưng vẫn lựa chọn Vi Tính Gia Phát. Một lần nữa Vi Tính Gia Phát xin chân thành cảm ơn quý khách đã tin tưởng lựa chọn và ủng hộ Shop. </p>
<p>Hỗ trợ 24/7<br>Thông tin liên lạc:<br>- HOT LINE: 0908.952.369 ( Call hoặc ZL Gặp Đại )<br>- vitinhquan6.com - vitinhgiaphat.com</p>","Laptop, Máy tính & Thiết bị văn phòng, Máy tính để bàn, Máy tính để bàn","OEM",", https://media3.scdn.vn/img4/2023/09_22/VQW3tBC6q9jKZDpmSea6.jpg, https://media3.scdn.vn/img4/2023/09_22/w1EGewTvRiUSQjwWrwdS.jpg, https://media3.scdn.vn/img4/2023/09_22/0Ni1xfoKuayFPpWfe8CT.jpg, https://media3.scdn.vn/img4/2023/09_22/FjZmqZeVv9BCYyIEOZ2j.jpg, https://media3.scdn.vn/img4/2023/09_22/aa0kuX54vAi1AdYB1Ffg.jpg, https://media3.scdn.vn/img4/2023/09_22/cJWxtSM1SAaTk0qj64la.jpg, https://media3.scdn.vn/img4/2023/09_22/4AwNUkkaQmsAIPsiEQn7.jpg, https://media3.scdn.vn/img4/2023/09_22/x06BplZIfq0k4Jp1ZgBJ.jpg, https://media3.scdn.vn/img4/2023/09_22/NO6HWfHOOoY8xqi5TX9v.jpg, https://media3.scdn.vn/img4/2023/09_22/zZToRg5ZNHYGaEEJ4mxz.jpg",59
"Bộ máy PC Gaming Core i5 / Core i7","Bộ máy PC Gaming Core i5 / Core i7 chơi Game Freefire, CF, Liên Minh, Ffifa 4, Liên Quân, Minecraft, Audition, Valorant",4850000,"
Bộ máy PC Gaming Core i5 / Core i7 chơi Game Freefire, CF, Liên Minh, Ffifa 4, Liên Quân, Minecraft, Audition, Valorant
PC Gaming Chiến Game Online - Đồ họa - Văn Phòng (Tặng phím chuột - Chưa gồm màn hình)
*** 2 Cấu Hình Gaming Chiến Game Giá hạt d","<p><img src=""https://media3.scdn.vn/img4/2023/05_19/WA05fKQHnsCS48N28o1k.jpg""><img src=""https://media3.scdn.vn/img4/2023/05_19/AINk0T3ksk7czOr4og1j.jpg""><img src=""https://media3.scdn.vn/img4/2023/05_19/hucVxIX8Gp9PQBv6KVvp.jpg""></p>
<p>Bộ máy PC Gaming Core i5 / Core i7 chơi Game Freefire, CF, Liên Minh, Ffifa 4, Liên Quân, Minecraft, Audition, Valorant</p>
<p>PC Gaming Chiến Game Online - Đồ họa - Văn Phòng (Tặng phím chuột - Chưa gồm màn hình)</p>
<p>*** 2 Cấu Hình Gaming Chiến Game Giá hạt dẻ cho Anh Chị dễ lựa chọn:</p>
<p>*** CẤU HÌNH i5 ***<br>- Mainboard H61 Gen 3 Korea<br>- CPU Core I5 3470 (3.2Ghz , 6M , 4 Nhân , 4 Luồng)<br>- Fan Cr1200 Led RGB New box<br>- Ram 8G/1600 (1 cây 8 hoặc 2 cây 4G)<br>- SSD 256G New box<br>- VGA GTX 950 thoải mái chiến Game<br>- Case VSP V212 4 màu ( Xanh - Hồng - Trắng - Đen + 2 Fan Led ) New Box<br>- Nguồn VSP 500W New box công suất thực<br>- Khuyến mãi : Phím chuột + Lót chuột + Dây mạng<br>=&gt; Bảo Hành 12 Tháng - 4tr4</p>
<p>*** CẤU HÌNH i7 ***<br>- Mainboard H61 Gen 3 Korea<br>- CPU Core I7 3770 (3.4Ghz , 8M , 4 Nhân , 8 Luồng)<br>- Fan Cr1200 Led RGB New box<br>- Ram 8G/1600 (1 cây 8G hoặc 2 cây 4G)<br>- SSD 256G New box<br>- VGA GTX 950 thoải mái chiến Game<br>- Case VSP V212 4 màu ( Xanh - Hồng - Trắng - Đen + 2 Fan Led ) New box<br>- Nguồn VSP 500W New box công suất thực<br>- Khuyến mãi : Phím chuột + Lót chuột + Dây mạng<br>=&gt; Bảo Hành 12 Tháng - 4tr9</p>
<p>* Shop biết quý khách có nhiều lựa chọn nhưng vẫn lựa chọn Vi Tính Gia Phát. Một lần nữa Vi Tính Gia Phát xin chân thành cảm ơn quý khách đã tin tưởng lựa chọn và ủng hộ Shop. </p>
<p>Hỗ trợ 24/7<br>Thông tin liên lạc:<br>- HOT LINE: 0908.952.369 ( Call hoặc ZL Gặp Đại )</p>","Laptop, Máy tính & Thiết bị văn phòng, Máy tính để bàn, Máy tính để bàn","OEM","https://media3.scdn.vn/img4/2023/05_19/hucVxIX8Gp9PQBv6KVvp.jpg, https://media3.scdn.vn/img4/2023/05_19/AINk0T3ksk7czOr4og1j.jpg, https://media3.scdn.vn/img4/2023/05_19/op91fgKd0tIjqczq4iND.jpg, https://media3.scdn.vn/img4/2023/05_19/WA05fKQHnsCS48N28o1k.jpg, https://media3.scdn.vn/img4/2023/05_19/DmYPZQnJsK7Wyr9LDhbY.jpg, https://media3.scdn.vn/img4/2023/05_19/gYK1EoF4Ck2LbuajAp1n.jpg",55
"[XẢ KHO] Case PC Bể Cá + Tản nhiệt nước","[XẢ KHO] Case PC Gaming Bể Cá + Tản nhiệt nước V240 chiến mọi Game, Làm đồ họa, Render Video Bảo hành 12 Tháng",6160000,"
Cấu hình Bể cá - Tản nước 240
Cấu hình X79 - 2637 V2 - Bể cá
- Mainboard X79 Sniper Sk 2011
- Cpu E5 2637 V2 Gaming
- Fan CPU tản nước 240 
- Ram3 16G tự sửa lỗi
- Nvme 256G
- VGA 950/960 Like New
- Case bể cá Gaming + 5 Fan led RGB
- Nguồn VSP 500w","<article>
<p>Cấu hình Bể cá - Tản nước 240</p>
<p>Cấu hình X79 - 2637 V2 - Bể cá</p>
<p>- Mainboard X79 Sniper Sk 2011</p>
<p>- Cpu E5 2637 V2 Gaming</p>
<p>- Fan CPU tản nước 240 </p>
<p>- Ram3 16G tự sửa lỗi</p>
<p>- Nvme 256G</p>
<p>- VGA 950/960 Like New</p>
<p>- Case bể cá Gaming + 5 Fan led RGB</p>
<p>- Nguồn VSP 500w công suất thực</p>
<p>- Khuyến mãi phím chuột</p>
<p>- Giá : 5.600.000 VNĐ</p>
<p>Bảo hành 12 tháng lỗi đổi </p>
<p>**********************************</p>
<p>Cấu hình X99H D3 - 2676 V3 - Bể cá</p>
<p>- Mainboard X99 Sniper Sk 2011</p>
<p>- Cpu E5 2676 V3 Gaming</p>
<p>- Fan cpu tản nước 240 </p>
<p>- Ram3 16G tự sửa lỗi</p>
<p>- Nvme 256G</p>
<p>- VGA 950/960 Like New</p>
<p>- Case bể cá Gaming + 5 Fan led RGB</p>
<p>- Nguồn VSP 500w công suất thực</p>
<p>- Khuyến mãi phím chuột</p>
<p>- Giá : 5.770.000 VNĐ</p>
<p>Bảo hành 12 tháng lỗi đổi </p>
<p>**************************************</p>
<p>Cấu hình X99H D3 - 2666 V3 - Bể cá</p>
<p>- Mainboard X99 Sniper Sk 2011</p>
<p>- Cpu E5 2666 V3 Gaming</p>
<p>- Fan cpu tản nước 240 </p>
<p>- Ram3 16G tự sửa lỗi</p>
<p>- Nvme 256G</p>
<p>- VGA 950/960 Like New</p>
<p>- Case bể cá Gaming + 5 Fan led RGB</p>
<p>- Nguồn VSP 500w công suất thực</p>
<p>- Khuyến mãi phím chuột</p>
<p>- Giá : 6.050.000 VNĐ</p>
<p>Bảo hành 12 tháng lỗi đổi </p>
<p>*********************************</p>
<p>Cấu hình X99H D3 - 2696 V3 - Bể cá</p>
<p>- Mainboard X99 Sniper Sk 2011</p>
<p>- Cpu E5 2696 V3 ĐA NHIỆM</p>
<p>- Fan cpu tản nước 240 </p>
<p>- Ram3 16G tự sửa lỗi</p>
<p>- Nvme 256G</p>
<p>- VGA 950/960 Like New</p>
<p>- Case bể cá Gaming + 5 Fan led RGB</p>
<p>- Nguồn VSP 500w công suất thực</p>
<p>- Khuyến mãi phím chuột</p>
<p>- Giá : 7.170.000 VNĐ</p>
<p>Bảo hành 12 tháng lỗi đổi </p>
<p>*************************************</p>
<p>Cấu hình X99H D4 - 2680 v4- Bể cá</p>
<p>- Mainboard X99 Sniper Sk 2011</p>
<p>- Cpu E5 2680 V4 ĐA NHIỆM</p>
<p>- Fan cpu tản nước 240 </p>
<p>- Ram4 16G/2133 tự sửa lỗi</p>
<p>- Nvme 256G</p>
<p>- VGA 950/960 Like New</p>
<p>- Case bể cá Gaming + 5 Fan led RGB</p>
<p>- Nguồn VSP 500w công suất thực</p>
<p>- Khuyến mãi phím chuột</p>
<p>- Giá : 6.350.000 VNĐ</p>
<p>Bảo hành 12 tháng lỗi đổi </p>
<p>*********************************</p>
<p>Cấu hình X99H D4 - 2683 V4 - Bể cá</p>
<p>- Mainboard X99 Sniper Sk 2011</p>
<p>- Cpu E5 2682 V4 ĐA NHIỆM</p>
<p>- Fan cpu tản nước 240 </p>
<p>- Ram4 16G/2133 tự sửa lỗi</p>
<p>- Nvme 256G</p>
<p>- VGA 950/960 Like New</p>
<p>- Case bể cá Gaming + 5 Fan led RGB</p>
<p>- Nguồn VSP 500w công suất thực</p>
<p>- Khuyến mãi phím chuột</p>
<p>- Giá : 6.550.000 VNĐ</p>
<p>Bảo hành 12 tháng lỗi đổi </p>
<p>*****************************</p>
<p> </p>
<p><img src=""//media3.scdn.vn/img4/2024/03_24/4EtG6wUvkQ7lEYaewLJo.jpg""><img src=""//media3.scdn.vn/img4/2024/03_24/IXAVTOTwaCfO3w6kdSSO.jpg""><img src=""//media3.scdn.vn/img4/2024/03_24/qKpxqAxFNsqlaVNRkHSk.jpg""></p>
<p> </p>
<p>* Shop biết quý khách có nhiều lựa chọn nhưng vẫn lựa chọn Vi Tính Gia Phát. Một lần nữa Vi Tính Gia Phát xin chân thành cảm ơn quý khách đã tin tưởng lựa chọn và ủng hộ Shop. </p>
<p>Hỗ trợ 24/7</p>
<p>Thông tin liên lạc:</p>
<p>- HOT LINE: 0908.952.369 ( Call hoặc ZL Gặp Đại )</p>
</article>","Laptop, Máy tính & Thiết bị văn phòng, Máy tính để bàn, Máy tính để bàn","OEM","https://media3.scdn.vn/img4/2023/12_22/hoO633i34ZjplApQiVSt.jpg, https://media3.scdn.vn/img4/2023/12_22/v9oSRJsU96zVZkIdUcrh.jpg, https://media3.scdn.vn/img4/2023/12_22/8ySb34CtmT5yCIDk1eTf.jpg, https://media3.scdn.vn/img4/2023/12_22/JiN50AnRPCtsZsP524lE.jpg, https://media3.scdn.vn/img4/2023/12_22/xVZB0UereXtmocYj360A.jpg, https://media3.scdn.vn/img4/2023/12_22/RgKGuIqGyYiBWfLF4Mg2.jpg, https://media3.scdn.vn/img4/2023/12_22/KEEb6PE4VmiHVX8XEu1J.jpg, https://media3.scdn.vn/img4/2023/12_22/AFb7Yn3bPXujKAI5OYs2.jpg, https://media3.scdn.vn/img4/2023/12_22/6iC4tkc6dHqEMshOozwH.jpg, https://media3.scdn.vn/img4/2023/12_22/KudtkbvV5m02PM99MhrN.jpg",59
"Máy PC Văn phòng xịn sò CPU Core i3 8100","Máy PC Văn phòng xịn sò CPU Core i3 8100 / DDr4 8GB / SSD 256GB  - Bảo hành 12 tháng lâu dài - Hỗ trợ tận tâm",4150000,"
MÁY TÍNH PHỤC VỤ NHU CẦU VĂN PHÒNG, LƯỚT NET, XEM PHIM=&gt; GẮN THÊM CARD MÀN HÌNH RỜI LÀ CÓ THỂ CHIẾN GAME PHÀ PHÀ=&gt; BẢO HÀNH TRỌN BỘ 12 THÁNG LÂU DÀI CHO KHÁCH HÀNG YÊN TÂM=&gt; HÌNH ẢNH THẬT, HỖ TRỢ TẬN TÂM 24/7
Cấu hình Máy:- Mainboard H310/B","<p><img src=""https://media3.scdn.vn/img4/2023/10_23/w09wdisrAT3DB2M5ouOu.jpg""><img src=""https://media3.scdn.vn/img4/2023/10_23/nF7jtLJpH8AQwrIXr3E8.jpg""></p>
<p>MÁY TÍNH PHỤC VỤ NHU CẦU VĂN PHÒNG, LƯỚT NET, XEM PHIM<br>=&gt; GẮN THÊM CARD MÀN HÌNH RỜI LÀ CÓ THỂ CHIẾN GAME PHÀ PHÀ<br>=&gt; BẢO HÀNH TRỌN BỘ 12 THÁNG LÂU DÀI CHO KHÁCH HÀNG YÊN TÂM<br>=&gt; HÌNH ẢNH THẬT, HỖ TRỢ TẬN TÂM 24/7</p>
<p>Cấu hình Máy:<br>- Mainboard H310/B360 SK 1151 nguyên Zin, đẹp, Fe chắn đầy đủ<br>- CPU Core i3 8100 ( (3.60GHz, 6M, 4 Cores 4 Threads)<br>- Fan Intel cực mát lõi Đồng <br>- DDR4 8G (1 cây 8G hoặc 2 cây 4G)<br>- SSD 256G Fuller thoải mái Cài Win, lưu trữ dữ liệu<br>- Case VSP V200 ( 2 màu Trắng - Đen ) lịch lãm, gọn gàng, Case chắc chắn<br>- Nguồn VSP Delta 350w Công suất thực giúp vận hành hệ thống ổn định<br>- Khuyến mãi phím chuột + Lót chuột + dây mạng</p>
<p>Thông tin màn hình 24inch VSP V2408S:<br>- Thương hiệu: VSP<br>- Model: V2408S<br>- Màu sắc: Trắng<br>- Tần số quét: 100Hz<br>- Tấm nền: IPS<br>- Độ phân giải: Full HD</p>
<p>Nâng chíp I5 8500 = + 700K<br>Kèm màn 19 Inch Fujix Giá 950K</p>
<p>* Shop biết quý khách có nhiều lựa chọn nhưng vẫn lựa chọn Vi Tính Gia Phát. Một lần nữa Vi Tính Gia Phát xin chân thành cảm ơn quý khách đã tin tưởng lựa chọn và ủng hộ Shop. </p>
<p>Hỗ trợ 24/7<br>Thông tin liên lạc:<br>- HOT LINE: 0908.952.369 ( Call hoặc ZL )</p>","Laptop, Máy tính & Thiết bị văn phòng, Máy tính để bàn, Máy tính để bàn","OEM","https://media3.scdn.vn/img4/2023/10_23/XUoKY5M1fpLdVHYe3kTy.jpg, https://media3.scdn.vn/img4/2023/10_23/nF7jtLJpH8AQwrIXr3E8.jpg, https://media3.scdn.vn/img4/2023/10_23/Vv4kjcrrspJtMFeBBIvh.jpg, https://media3.scdn.vn/img4/2023/10_23/3cOKe8NUreVmBVhEfdPS.jpg, https://media3.scdn.vn/img4/2023/10_23/w09wdisrAT3DB2M5ouOu.jpg, https://media3.scdn.vn/img4/2023/10_23/UkU93cN0kVK4LhfLiEEy.jpg, https://media3.scdn.vn/img4/2023/10_23/k4mEEAJyM75S04eM4YoW.jpg, https://media3.scdn.vn/img4/2023/10_23/R4OoJNo3fSd5yGXltCKu.jpg, https://media3.scdn.vn/img4/2023/10_23/qQ8V84QqZiK4Y3or4Wwi.jpg",59
"Máy PC Pi Network Dual Xeon chạy 2 con 2686v4","Máy PC Pi Network Dual Xeon chạy 2 con 2686v4 / Main Huananzhi X99 F8D / Ram 64GB / SSD 1TB Nvme",13750000,"
Bộ Máy Tính Dual Xeon chạy 2 con 2686v4, Main Huananzhi X99 F8D, Ram 64GB, SSD 1TB Nvme
 
THÔNG SỐ KỸ THUẬT
STT MÃ LINH KIỆN TÊN LINH KIỆN THỜI HẠN BẢO HÀNH
1 CPU DUAL XEON E5 2686V4 (2.3GHz Turbo Up To 3.0GHz / 36 Nhân 72 Luồng) 12 Tháng
2 MAIN Hua","<article>
<p>Bộ Máy Tính Dual Xeon chạy 2 con 2686v4, Main Huananzhi X99 F8D, Ram 64GB, SSD 1TB Nvme</p>
<p> </p>
<p>THÔNG SỐ KỸ THUẬT</p>
<p>STT MÃ LINH KIỆN TÊN LINH KIỆN THỜI HẠN BẢO HÀNH</p>
<p>1 CPU DUAL XEON E5 2686V4 (2.3GHz Turbo Up To 3.0GHz / 36 Nhân 72 Luồng) 12 Tháng</p>
<p>2 MAIN Huananzhi X99 F8D phát huy hết sức mạnh CPU 12 Tháng</p>
<p>3 FAN 02 Fan VSP T400i/T900i Tản chuyên dụng cho Xeon</p>
<p>4 RAM DDR4 64GB ECC REGISTERED Mỹ tự sửa lỗi giúp vận hành hệ thống ổn định 12 Tháng</p>
<p>5 SSD 1TB NVMe chính hãng boot win, phần mềm cực nhanh 36 Tháng</p>
<p>6 VGA NVIDIA 1GB DDR3 03 Tháng</p>
<p>7 CASE FA02 / Luxury / V3 + 4 Fan LED</p>
<p>8 NGUỒN 650W/750W Công suất thực 24 Tháng</p>
<p>9 KHUYẾN MÃI COMBO PHÍM CHUỘT LED GIẢ CƠ (Trắng/Đen) siêu đẹp + Lót chuột + dây mạng</p>
<p>GIÁ: 12.500.000 VNĐ</p>
<p> </p>
<p><img src=""//media3.scdn.vn/img4/2024/03_28/OG5VPWZrNdxMlVdDOPm3.jpg""><img src=""//media3.scdn.vn/img4/2024/03_28/iXWxGthoBXiI3D9J8OGL.jpg""><img src=""//media3.scdn.vn/img4/2024/03_28/DshQCyIXMUmfl1xxqSJ2.jpg""><img src=""//media3.scdn.vn/img4/2024/03_28/1SvSAH5d37EF8TAlMyie.jpg""></p>
<p> </p>
<p>* Shop biết quý khách có nhiều lựa chọn nhưng vẫn lựa chọn Vi Tính Gia Phát. Một lần nữa Vi Tính Gia Phát xin chân thành cảm ơn quý khách đã tin tưởng lựa chọn và ủng hộ Shop. </p>
<p>Hỗ trợ 24/7</p>
<p>Thông tin liên lạc:</p>
<p>- HOT LINE: 0908.952.369 ( Call hoặc ZL )</p>
</article>","Laptop, Máy tính & Thiết bị văn phòng, Máy tính để bàn, Máy tính để bàn","OEM","https://media3.scdn.vn/img4/2024/03_20/1Sz80ybC5hSD8RYhCl0c.jpg, https://media3.scdn.vn/img4/2024/03_20/if0FHQDOMvn45lJvMgr5.jpg, https://media3.scdn.vn/img4/2024/03_20/txyHTGNQu68ew1XAzDJD.jpg, https://media3.scdn.vn/img4/2024/03_20/sVBSDfFx9hgJrQUhb6n2.jpg, https://media3.scdn.vn/img4/2024/03_20/M1ELDzeZ2nq992PGfU4S.jpg, https://media3.scdn.vn/img4/2024/03_20/KUL9sRYIKRMrl8idxH8z.jpg, https://media3.scdn.vn/img4/2024/03_20/5PDJRgtajy6IVFbLYox9.jpg, https://media3.scdn.vn/img4/2024/03_20/tqXVajqF2E6UHwEKTZWr.jpg, https://media3.scdn.vn/img4/2024/03_20/cCNb1TXnnQAdgol5iQzB.jpg",55
"Full Bộ PC màu đen Gaming Black Shadow","Full Bộ PC Gaming Core i5 4590/ GTX 950 chiến mọi Game Online, GATA 5, Render Video, Photoshop",6380000,"
MÁY TÍNH CHUYÊN GAME - ĐỒ HOẠ- Chiến các tựa game đình đám nhất hiện nay - Valorant, Paladins, Call of Duty: Mobile, Free Fire, Minecraft, Liên Quân Mobile, FO4, LOL, CS:GO, VLTK, GATA5…- Render Video, thiết kế đồ hoạ chuyên nghiệp - Photoshop, AI, ","<p><img src=""https://media3.scdn.vn/img4/2023/01_05/G4lDpyZtfXg0A9vrMIvu.jpg""><img src=""https://media3.scdn.vn/img4/2023/01_05/GsSrvfOYmK4nmjL0EFdR.jpg""></p>
<p>MÁY TÍNH CHUYÊN GAME - ĐỒ HOẠ<br>- Chiến các tựa game đình đám nhất hiện nay - Valorant, Paladins, Call of Duty: Mobile, Free Fire, Minecraft, Liên Quân Mobile, FO4, LOL, CS:GO, VLTK, GATA5…<br>- Render Video, thiết kế đồ hoạ chuyên nghiệp - Photoshop, AI, Corel Draw, Canva, Autocad, Premiere Pro,...<br>- Có nâng cấp thay đổi cấu hình báo giá cho phù hợp nhu cầu của khách hàng <br>- CÓ BÁN KÈM MÀN HÌNH 19, 20, 22, 23, 24, 27, 32 INCH (CŨ/MỚI, CONG/PHẲNG) CÁC LOẠI GIÁ SINH VIÊN<br>- Được hỗ trợ cài win miễn phí trong 12 tháng đầu khi mua máy của shop<br>❄️❄️ Bán trả góp qua thẻ tín dụng - CMND + Bằng lái thủ tục nhanh gọn qua Ngân hàng HD - Sài Gòn (Hướng dẫn)<br>❄️❄️ Bảo hành chu đáo, tận tâm - Hỗ trợ kỹ thuật lâu dài - Bảo hành trọn đời phần mềm theo máy<br>❄️❄️ GIAO HÀNG TOÀN QUỐC - SHIP COD CÁC KIỂU </p>
<p>THÔNG SỐ KỸ THUẬT<br>STT MÃ LINH KIỆN TÊN LINH KIỆN THỜI HẠN BẢO HÀNH<br>1  CPU Core i5 4590 (3.7Ghz /4 nhân /4 luồng) BH 12 Tháng<br>2  MAIN H81 Socket 1150 Support Core i5 phát huy hết khả năng BH 12 Tháng<br>3  FAN Tản nhiệt khí T400i/T900i cực mát, giải nhiệt cấp tốc không lo bị nóng <br>4  RAM DDR3 8GB giúp vận hành hệ thống ổn định BH 12 Tháng<br>5  SSD 256GB boot Win, phần mềm, Game rất nhanh BH 36 Tháng<br>6  VGA GTX 950 Chiến Game Khỏe<br>7  CASE Gaming ES1 Black + 4 Fan Led RGB cực đẹp<br>8  NGUỒN Nguồn VSP 500W công suất thực BH 24 Tháng<br>9  PHÍM CHUỘT LED GIẢ CƠ Đen siêu đẹp<br>10  MÀN HÌNH 24inch Mới New Box Bảo hành 24 Tháng Full HD<br>11  Tai nghe Gaming Led âm thanh cực chuẩn <br>12  Dây mạng + lót phím chuột<br>13  Loa cho âm thanh to rõ</p>
<p>=&gt; BẢO HÀNH 12 THÁNG<br>● CHỈ PC + PHÍM CHUỘT + PHỤ KIỆN: 5.800.000 VNĐ<br>● FULL BỘ PC + MÀN HÌNH + PHÍM CHUỘT + PHỤ KIỆN: 7.650.000 VNĐ</p>
<p>* Shop biết quý khách có nhiều lựa chọn nhưng vẫn lựa chọn Vi Tính Gia Phát. Một lần nữa Vi Tính Gia Phát xin chân thành cảm ơn quý khách đã tin tưởng lựa chọn và ủng hộ Shop. </p>
<p>Hỗ trợ 24/7<br>Thông tin liên lạc:<br>- HOT LINE: 0908.952.369 ( Call hoặc ZL Gặp Đại )</p>","Laptop, Máy tính & Thiết bị văn phòng, Máy tính để bàn, Máy tính để bàn","OEM",", https://media3.scdn.vn/img4/2023/01_05/GsSrvfOYmK4nmjL0EFdR.jpg, https://media3.scdn.vn/img4/2023/01_05/08MEpM2xkqvZdvRJpX6G.jpg, https://media3.scdn.vn/img4/2023/01_05/o3mRfjODnNaiJdYQK2lz.jpg, https://media3.scdn.vn/img4/2023/01_05/au1ZrffDPvZETxDuYEcL.jpg, https://media3.scdn.vn/img4/2023/01_05/G4lDpyZtfXg0A9vrMIvu.jpg, https://media3.scdn.vn/img4/2023/01_05/wV5ue44d1LG9gk2XqS1N.jpg, https://media3.scdn.vn/img4/2023/01_05/3Av1osMXudHzuKWdIeme.jpg, https://media3.scdn.vn/img4/2023/01_05/Z4aZ3LNNdvxz8B51iYcH.jpg",40
"PC Gaming Ruix Hồng Core i7 4770","Bộ máy tính PC Tản Nước RUIX Hồng Core i7 4770, VGA RX 580 8G, 16GB Ram ( BH 12 Tháng) chiến Game, làm đồ hoạ cực ngon",7370000,"
Bộ máy tính PC Tản Nước RUIX Hồng Core i7 4770, VGA RX470 8G, 16GB Ram ( BH 12 Tháng) chiến Game, làm đồ hoạ cực ngon=&gt; Chiến mượt các Game Online và Offline như Gata 5, Fifa4, Csgo, Free Fire, Liên Minh, Audition, CF, Liên Quân,...=&gt; Chạy cực","<p><img src=""https://media3.scdn.vn/img4/2023/11_09/bLrJUeibzOkIDDyxNv15.jpg""><img src=""https://media3.scdn.vn/img4/2023/11_09/0eqR0OTQqxnsuZNI6wH3.jpg""><img src=""https://media3.scdn.vn/img4/2023/11_09/uzjX6KSF1RQl1rvKlp1v.jpg""></p>
<p>Bộ máy tính PC Tản Nước RUIX Hồng Core i7 4770, VGA RX470 8G, 16GB Ram ( BH 12 Tháng) chiến Game, làm đồ hoạ cực ngon<br>=&gt; Chiến mượt các Game Online và Offline như Gata 5, Fifa4, Csgo, Free Fire, Liên Minh, Audition, CF, Liên Quân,...<br>=&gt; Chạy cực mượt các phần mềm văn phòng, Photoshop, Autocad,Corel,...<br>=&gt; Lướt net, xem phim vi vu.<br>=&gt; Bảo hành 12 Tháng, bảo hành nhanh chóng, tận tâm và uy tín.</p>
<p>THÔNG TIN CẤU HÌNH<br>1 CPU Core i7 4770 (3.4Ghz up to 3.9Ghz / 4 nhân / 8 luồng) Bảo hành 12 Tháng<br>2 FAN Tản nhiệt nước V240 giải nhiệt CPU và Case cực mát<br>3 MAIN H81 Socket 1151 Bảo hành 12 Tháng<br>4 RAM 16GB (2 cây 8G chạy Dual) Bảo hành 12 Tháng<br>5 SSD 256GB New vào Win cực nhanh Bảo hành 36 Tháng<br>6 CASE Ruix Hồng + 3 Fan Led RGB cực đẹp<br>7 VGA RX580 8G BH 12 Tháng<br>8 NGUỒN VSP 600W xịn công suất thực Bảo hành 36 Tháng<br>9 Phím Chuột Led + Lót chuột + Dây mạng<br>10 Màn hình 24inch V2408S Hồng (Full HD / 75Hz / VA) Bảo hành 24 Tháng</p>
<p>GIÁ CHỈ PC + PHÍM CHUỘT: 6.700.000 VNĐ<br>GIÁ FULL BỘ PC + MÀN HÌNH + PHÍM CHUỘT: 8.650.000 VNĐ</p>
<p>* Shop biết quý khách có nhiều lựa chọn nhưng vẫn lựa chọn Vi Tính Gia Phát. Một lần nữa Vi Tính Gia Phát xin chân thành cảm ơn quý khách đã tin tưởng lựa chọn và ủng hộ Shop. </p>
<p>Hỗ trợ 24/7<br>Thông tin liên lạc:<br>- HOT LINE: 0908.952.369 ( Call hoặc ZL )</p>","Laptop, Máy tính & Thiết bị văn phòng, Máy tính để bàn, Máy tính để bàn","OEM","https://media3.scdn.vn/img4/2023/11_09/uzjX6KSF1RQl1rvKlp1v.jpg, https://media3.scdn.vn/img4/2023/11_09/0eqR0OTQqxnsuZNI6wH3.jpg, https://media3.scdn.vn/img4/2023/11_09/TIws4bsM0F6lv86uGN1c.jpg, https://media3.scdn.vn/img4/2023/11_09/E0pgmgUPa8cYL22HKzGW.jpg, https://media3.scdn.vn/img4/2023/11_09/rO1PfTZviO5BS8HOgLnd.jpg, https://media3.scdn.vn/img4/2023/11_09/bLrJUeibzOkIDDyxNv15.jpg, https://media3.scdn.vn/img4/2023/11_09/jkMNz6UZDxzRW3NvPiTj.jpg, https://media3.scdn.vn/img4/2023/11_09/u4I26DozKi03XUg2Mhi2.jpg, https://media3.scdn.vn/img4/2023/11_09/fO5lAAzkmvb48h4Z0D79.jpg, https://media3.scdn.vn/img4/2023/11_09/UDl7MBcWQ1iDIS5EI2nF.jpg",59
"Full bộ PC Gaming ES3 ProSumer","Full bộ PC Gaming ES3 ProSumer Máy Core i5 kèm màn hình 24inch Full HD chiến full Game Online",6380000,"
Full PC GAMING ES3 ProSumer chiến Game thả ga- Máy chiến Game online tẹt ga như Fifa online 4, CS:GO, Liên minh, CF, Audition thoải mái... làm photoshop, công việc văn phòng, lướt net xem phim mượt mà.- Cam kết chất lượng sản phẩm đúng như trong mô ","<p><img src=""https://media3.scdn.vn/img4/2023/09_08/t2ZzMUabvp9ioSypcEXx.jpg""><img src=""https://media3.scdn.vn/img4/2023/09_08/DKo3SUwJfzNJPaXlYxdc.jpg""><img src=""https://media3.scdn.vn/img4/2023/09_08/ET3fvWsPWV60cEXGxDPe.jpg""><img src=""https://media3.scdn.vn/img4/2023/09_08/bXDmxk8MI0HQkRayuyVE.jpg""></p>
<p>Full PC GAMING ES3 ProSumer chiến Game thả ga<br>- Máy chiến Game online tẹt ga như Fifa online 4, CS:GO, Liên minh, CF, Audition thoải mái... làm photoshop, công việc văn phòng, lướt net xem phim mượt mà.<br>- Cam kết chất lượng sản phẩm đúng như trong mô tả.<br>- Hình ảnh em chụp thật, Case Es3 tuyệt đẹp lung linh làm nổi bật cả 1 góc phòng, bạn bè tới chơi mà khoe góc này thì hết ý, kết hợp màn 24inch mới Full Box Full HD nịn mắt cả chơi game và làm đồ họa.<br>- Có nâng cấp thay đổi cấu hình báo giá cho phù hợp nhu cầu của khách hàng .<br>- Bên em hỗ trợ cài win miễn phí trong 12 tháng đầu khi mua máy của shop, hỗ trợ kỹ thuật 24/7 thông qua các phần mềm online như Teamview, UltraView.<br>❄️❄️ Bảo hành chu đáo, tận tâm, nhanh chóng - Hỗ trợ kỹ thuật lâu dài - Bảo hành trọn đời phần mềm theo máy.</p>
<p>THÔNG SỐ KỸ THUẬT<br>STT MÃ LINH KIỆN TÊN LINH KIỆN THỜI HẠN BẢO HÀNH<br>1  CPU Core i5 4570 (3.2Ghz up 3.6Ghz/4 nhân 4 luồng) BH 12 Tháng<br>2  MAIN H81 Socket 1150 Support Core i5 rất hiệu quả BH 12 Tháng<br>3  FAN Tản nhiệt khí VSP T400i/N120 LED RGB giải nhiệt cực mát<br>4  RAM Ram 8GB dung lượng tốt đảm bảo vận hành hệ thống ổn định BH 12 Tháng<br>5  SSD 256GB chạy Win, Game và các ứng dụng cực nhanh BH 12 Tháng<br>6  HDD 500GB thoải mái lưu trữ dữ liệu BH 12 Tháng<br>7  VGA GTX 950 cũ Zin chiến Game thoải mái BH 12 Tháng<br>8  CASE ES3 Pro kèm 5 Fan Case Led RGB tự đổi màu cực đẹp<br>9  NGUỒN VSP 500W công suất thực BH 24 Tháng<br>10  KHUYẾN MÃI Combo Phím Chuột Gaming siêu đẹp + Lót chuột + dây mạng<br>11  MÀN HÌNH 24inch (Full HD/VGA/HDMI) mới New Box 24 Tháng</p>
<p>✯ CAM KẾT<br>- Linh kiện được bảo hành tại vi tính Gia Phát, nhanh chóng và đảm bảo uy tín chuyên nghiệp cùng thái độ phục vụ tận tình.</p>
<p>* Shop biết quý khách có nhiều lựa chọn nhưng vẫn lựa chọn Vi Tính Gia Phát. Một lần nữa Vi Tính Gia Phát xin chân thành cảm ơn quý khách đã tin tưởng lựa chọn và ủng hộ Shop. </p>
<p>Hỗ trợ 24/7<br>Thông tin liên lạc:<br>- HOT LINE: 0908.952.369 ( Call hoặc ZL )</p>","Laptop, Máy tính & Thiết bị văn phòng, Máy tính để bàn, Máy tính để bàn","OEM",", https://media3.scdn.vn/img4/2023/09_08/bXDmxk8MI0HQkRayuyVE.jpg, https://media3.scdn.vn/img4/2023/09_08/y33FTplmjtBbnCKaoDf2.jpg, https://media3.scdn.vn/img4/2023/09_08/pUdJheM1Rq9ukM7s6CoD.jpg, https://media3.scdn.vn/img4/2023/09_08/ET3fvWsPWV60cEXGxDPe.jpg, https://media3.scdn.vn/img4/2023/09_08/THwoBx99KvK7U8u7vHmD.jpg, https://media3.scdn.vn/img4/2023/09_08/bf1joEa45SAsv66eRCuy.jpg, https://media3.scdn.vn/img4/2023/09_08/t2ZzMUabvp9ioSypcEXx.jpg, https://media3.scdn.vn/img4/2023/09_08/DKo3SUwJfzNJPaXlYxdc.jpg, https://media3.scdn.vn/img4/2023/09_08/ZmMB6pBHQ7OImPO3OyGz.jpg, https://media3.scdn.vn/img4/2023/09_08/qOojyPqeLZEWj3OcWT8z.jpg",55
"PC Gaming ES1 GPSummer","Full Bộ PC Gaming i5 9400F / Ram 16G / RX470 8G siêu mạnh chiến mượt mà các Game hiện nay Bảo Hành 12 Tháng",8150000,"\

- Máy chiến Game online tẹt ga như Fifa online 4, CS:GO, Liên minh, CF, Audition thoải mái... làm photoshop, công việc văn phòng, lướt net xem phim mượt mà.- Cam kết chất lượng sản phẩm đúng như trong mô tả.- Hình ảnh em chụp thật, Case ES1 lung l","<p><img src=""https://media3.scdn.vn/img4/2024/03_29/VHrRFldjI7WjeQw2HfgJ.jpg""><img src=""https://media3.scdn.vn/img4/2022/07_28/zzvym0QFdIlOZ0jUkLta.jpg"">\</p>
<p><img src=""https://media3.scdn.vn/img4/2022/07_28/70AdCIahxrU5DoaCMAoQ.jpg""></p>
<p>- Máy chiến Game online tẹt ga như Fifa online 4, CS:GO, Liên minh, CF, Audition thoải mái... làm photoshop, công việc văn phòng, lướt net xem phim mượt mà.<br>- Cam kết chất lượng sản phẩm đúng như trong mô tả.<br>- Hình ảnh em chụp thật, Case ES1 lung linh kèm 4 Fan Case Led tuyệt đẹp làm nổi bật cả 1 góc phòng, bạn bè tới chơi mà khoe góc này thì hết ý, kết hợp màn 24inch VSP mới Full Box Full HD chiến Game và xem phim thì hết bài.<br>- Có nâng cấp thay đổi cấu hình báo giá cho phù hợp nhu cầu của khách hàng .<br>- Bên em hỗ trợ cài win miễn phí trong 12 tháng đầu khi mua máy của shop, hỗ trợ kỹ thuật 24/7 thông qua các phần mềm online như Teamview, UltraView.</p>
<p>THÔNG SỐ KỸ THUẬT<br>STT MÃ LINH KIỆN TÊN LINH KIỆN THỜI HẠN BẢO HÀNH<br>1  CPU Core i3 9100F (3.6Ghz up 4.2Ghz/4 nhân 4 luồng/6M) 12 Tháng<br>2  MAIN H310 Socket 2011 12 Tháng<br>3  FAN Tản nhiệt khí VSP T400i/T900i Fan LED RGB giải nhiệt cực mát<br>4  RAM Ram 8GB dung lượng tốt đảm bảo vận hành hệ thống ổn định 12 Tháng<br>5  SSD 256GB chạy Win, Game và các ứng dụng cực nhanh 12 Tháng<br>6  HDD 500GB thoải mái lưu trữ dữ liệu 12 Tháng<br>7  VGA 1060 Chiến mọi game Online trên thị trường 03 Tháng<br>8  CASE ES1 (Trắng/Xanh/Hồng/Đen) + 4 Fan Case Led RGB nổi bật cực đẹp<br>9  NGUỒN VSP 600W Công suất thực 36 Tháng<br>10  KHUYẾN MÃI Combo Phím Chuột Gaming siêu đẹp + lót chuột + dây mạng<br>11  MÀN HÌNH 24inch Full HD New Box 36 Tháng</p>
<p>GIÁ CHỈ PC + PHÍM CHUỘT: 7.400.000 VNĐ<br>GIÁ FULL BỘ PC + PHÍM CHUỘT + MÀN HÌNH: 9.250.0000 VNĐ</p>
<p>* Shop biết quý khách có nhiều lựa chọn nhưng vẫn lựa chọn Vi Tính Gia Phát. Một lần nữa Vi Tính Gia Phát xin chân thành cảm ơn quý khách đã tin tưởng lựa chọn và ủng hộ Shop. </p>
<p>Hỗ trợ 24/7<br>Thông tin liên lạc:<br>- HOT LINE: 0908.952.369 ( Call hoặc ZL Gặp Đại )</p>","Laptop, Máy tính & Thiết bị văn phòng, Máy tính để bàn, Máy tính để bàn","OEM",", https://media3.scdn.vn/img4/2022/07_28/70AdCIahxrU5DoaCMAoQ.jpg, https://media3.scdn.vn/img4/2022/07_28/oMBbgDaYVNOZaQiM79oN.jpg, https://media3.scdn.vn/img4/2022/07_28/zzvym0QFdIlOZ0jUkLta.jpg, https://media3.scdn.vn/img4/2022/07_28/2cPHFtMpwOWcWePH7hT3.jpg, https://media3.scdn.vn/img4/2024/03_29/ubAq81JTTlmODn2NseOh.jpg, https://media3.scdn.vn/img4/2024/03_29/L4y4rBtLxWNe8FX2thvg.jpg, https://media3.scdn.vn/img4/2024/03_29/FoQeMiFDTPGOeurwmxy8.jpg, https://media3.scdn.vn/img4/2024/03_29/VHrRFldjI7WjeQw2HfgJ.jpg, https://media3.scdn.vn/img4/2024/03_29/WjWRtKAoW4PAOuF18dcr.jpg, https://media3.scdn.vn/img4/2024/03_29/DFjuiSJWjzT1JEM5Bmer.jpg",55
"PC ES1 KingDom Full Trắng","Full bộ PC mạnh bằng i7 4770 / ES1 KingDom Full Trắng chiến All Game (Thùng máy + Màn hình 24"" + Phím chuột + Tai Nghe)",7300000,"
Full PC GAMING ES1 KingDom Full Trắng Cực Đẹp - Cực Vip chiến Game thả ga- Máy chiến Game online tẹt ga như Fifa online 4, CS:GO, Liên minh, CF, Audition, GATA5 thoải mái... làm photoshop, công việc văn phòng, lướt net xem phim mượt mà.- Hình ảnh em","<p><img src=""https://media3.scdn.vn/img4/2022/09_26/eHMC2vENQnkbmafwPP4n.jpg""><img src=""https://media3.scdn.vn/img4/2022/09_26/yd1uevwjMeGUjLa0LlVV.jpg""></p>
<p>Full PC GAMING ES1 KingDom Full Trắng Cực Đẹp - Cực Vip chiến Game thả ga<br>- Máy chiến Game online tẹt ga như Fifa online 4, CS:GO, Liên minh, CF, Audition, GATA5 thoải mái... làm photoshop, công việc văn phòng, lướt net xem phim mượt mà.<br>- Hình ảnh em chụp thật, Case Es1 trắng tuyệt đẹp lung linh + 6 Fan Led RGB làm nổi bật cả 1 góc phòng, bạn bè tới chơi mà khoe góc này thì hết ý, kết hợp màn 24inch Trắng mới Full Box Full HD nịnh mắt cả chơi game và xem phim, cùng bộ Phím chuột G21 Trắng Có Led RGB kèm Loa và Headphone chắc chắn sẽ làm cho anh/chị hài lòng nếu là người đam mê màu trắng tinh khôi sạch sẽ.<br>- Có nâng cấp thay đổi cấu hình báo giá cho phù hợp nhu cầu của khách hàng .<br>- Bên em hỗ trợ cài win miễn phí trong 12 tháng đầu khi mua máy của shop, hỗ trợ kỹ thuật 24/7 thông qua các phần mềm online như Teamview, UltraView.<br>❄️❄️ Bảo hành chu đáo, tận tâm, nhanh chóng - Hỗ trợ kỹ thuật lâu dài - Bảo hành trọn đời phần mềm theo máy.</p>
<p>THÔNG SỐ KỸ THUẬT<br>STT MÃ LINH KIỆN TÊN LINH KIỆN THỜI HẠN BẢO HÀNH<br>1 CPU Xeon E5 2637 V3 (3.5Ghz up 3.7Ghz/4 nhân 8 luồng) mạnh gần bằng i7 4770 BH 12 Tháng<br>2 MAIN X99 BD4 Socket 2011 BH 12 Tháng<br>3 FAN         Tản nhiệt khí VSP PRO4 Fan LED RGB giải nhiệt cực mát<br>4 RAM DDR4 16GB ECC Ram tự sửa lỗi dung lượng tốt đảm bảo vận hành hệ thống ổn định BH 12 Tháng<br>5 SSD        Nvme 256GB chạy Win, Game và các ứng dụng cực nhanh BH 12 Tháng<br>6 VGA GTX 1050Ti (4G/D5/128Bits) Chiến mọi game BH 03 Tháng<br>7 CASE ES1 Trắng  + 6 Fan Case Led RGB nổi bật cực đẹp<br>8 NGUỒN VSP 500W công suất thực cực ổn định Bh 24 Tháng<br>9 Phím chuột G21 + Loa + Tai nghe + lót phím chuột + dây mạng<br>10    MÀN HÌNH      24inch Full HD mới New Box   BH 24 Tháng</p>
<p>✯ CAM KẾT<br>- Linh kiện được bảo hành tại vi tính Gia Phát, nhanh chóng và đảm bảo uy tín chuyên nghiệp cùng thái độ phục vụ tận tình.</p>
<p>* Shop biết quý khách có nhiều lựa chọn nhưng vẫn lựa chọn Vi Tính Gia Phát. Một lần nữa Vi Tính Gia Phát xin chân thành cảm ơn quý khách đã tin tưởng lựa chọn và ủng hộ Shop. </p>
<p>Hỗ trợ 24/7<br>Thông tin liên lạc:<br>- HOT LINE: 0908.952.369 ( Call hoặc ZL )</p>
<p>#pcgaming #fullbopc #tronbopc #pc #gaming</p>","Laptop, Máy tính & Thiết bị văn phòng, Máy tính để bàn, Máy tính để bàn","OEM",", https://media3.scdn.vn/img4/2022/09_26/yd1uevwjMeGUjLa0LlVV.jpg, https://media3.scdn.vn/img4/2022/09_26/eHMC2vENQnkbmafwPP4n.jpg, https://media3.scdn.vn/img4/2022/09_26/xu61ztmbrq7hG2EQGM12.jpg, https://media3.scdn.vn/img4/2022/09_26/3Se7jW7vGhJO2v8ZaRm4.jpg, https://media3.scdn.vn/img4/2022/09_26/xg14W0YdVjosAF0iaBc6.jpg, https://media3.scdn.vn/img4/2022/09_26/iyk3xDqzORxlv5ekGOUi.jpg, https://media3.scdn.vn/img4/2022/09_26/N9h3lqgibsEwKbB7t2jh.jpg",55
"Hp DELL LENOVO","Thùng máy tính PC KO HDD kO RAM",999000,"Bán thùng máy tính Hp  DELL LENOVO FUJICSU TÙY THWO LÔ HÀNG VỀ NGẪU NHIÊN Core 2 Duo đẳng cấp, siêu bền dành cho anh em làm việc, vẽ autocad, photoshop, SV học tập, có cấu hình :- CPU: Intel Core 2 Duo chạy cực mạnh - Ram DDR3 KHONG CO- HDD SATA KHON","<p>Bán thùng máy tính Hp  DELL LENOVO FUJICSU TÙY THWO LÔ HÀNG VỀ NGẪU NHIÊN Core 2 Duo </p><p>đẳng cấp, siêu bền dành cho anh em làm việc, vẽ autocad, photoshop, SV học tập, có cấu hình :<br>- CPU: Intel Core 2 Duo chạy cực mạnh <br>- Ram DDR3 KHONG CO<br>- HDD SATA KHONG CO<br><br>- Vỏ thùng máy</p><p>BASEBOARD</p><p>DUOI DAY LA THONG SO TU WEB SITE HP DELL LENOVO FUJICSU DE QUI KHACH THAM KHAO (SAN PHAM CHI BAO GOM MAIN +CPU +CASE )</p><p><br><br><img src=""https://media3.scdn.vn/img4/2020/10_20/R1p3fNrlWsGw4azEj7TJ_simg_d0daf0_800x1200_max.jpg"" style=""margin: 0 auto;display:block;""><br><br><img src=""https://media3.scdn.vn/img4/2020/10_20/ohmso5S8RNmSc3QPlkCp_simg_d0daf0_800x1200_max.jpg"" style=""margin: 0 auto;display:block;""><br><br><img src=""https://media3.scdn.vn/img4/2020/10_20/Sn9ZcSEbl62FR3m9xJqT_simg_d0daf0_800x1200_max.jpg"" style=""margin: 0 auto;display:block;""><br><br><br></p>","Laptop, Máy tính & Thiết bị văn phòng, Máy tính để bàn, Máy tính để bàn","OEM","https://media3.scdn.vn/img3/2019/7_30/75bIrU.jpg, https://media3.scdn.vn/img4/2020/10_20/R1p3fNrlWsGw4azEj7TJ.jpg, https://media3.scdn.vn/img4/2020/10_20/ohmso5S8RNmSc3QPlkCp.jpg, https://media3.scdn.vn/img4/2020/10_20/Sn9ZcSEbl62FR3m9xJqT.jpg",54
"WINFOX H61 (ZX-H61C V2.3)","[HCM] PC Máy Tính để bàn Cũ Gía Rẻ Mainboard WINFOX H61 (ZX-H61C V2.3) CPU Core I5-2400/ Ram 4GB/ HDD 500GB + SSD 128GB/ VGA Intel HD Graphics",3200000,"PC Máy Tính để bàn Cũ Gía Rẻ Mainboard WINFOX H61 (ZX-H61C V2.3) CPU Core I5-2400/ Ram 4GB/ HDD 500GB + SSD 128GB/ VGA Intel HD Graphics","<p><span style=""font-size: 14pt;"">PC Máy Tính để bàn Cũ Gía Rẻ Mainboard WINFOX H61 (ZX-H61C V2.3) CPU Core I5-2400/ Ram 4GB/ HDD 500GB + SSD 128GB/ VGA Intel HD Graphics</span></p>","Laptop, Máy tính & Thiết bị văn phòng, Máy tính để bàn, Máy tính để bàn","OEM","https://media3.scdn.vn/img4/2024/02_21/TXfpQhh68lIJIN9Np6Ml.jpg, https://media3.scdn.vn/img4/2024/02_21/ybICjkEbkSG25DBNoKX9.jpg, https://media3.scdn.vn/img4/2024/02_21/tIulEFNGVqSfxT98ytpj.jpg",1
"ASUS P8H61-MX","[HCM] PC Máy Tính Để Bàn Cũ Gía Rẻ Main ASUS P8H61-MX CPU Core I5-3330/ Ram 4GB/ HDD 500GB/ VGA Intel HD Graphics",1900000,"PC Máy Tính Để Bàn Cũ Gía Rẻ Main ASUS P8H61-MX CPU Core I5-3330/ Ram 4GB/ HDD 500GB/ VGA Intel HD Graphics","<p>PC Máy Tính Để Bàn Cũ Gía Rẻ Main ASUS P8H61-MX CPU Core I5-3330/ Ram 4GB/ HDD 500GB/ VGA Intel HD Graphics</p>","Laptop, Máy tính & Thiết bị văn phòng, Máy tính để bàn, Máy tính để bàn","OEM","https://media3.scdn.vn/img4/2024/02_27/MsqRmJD8I7bZPrtK23AC.jpg, https://media3.scdn.vn/img4/2024/02_27/KuRyMlKZxaIUckNK1jTl.jpg, https://media3.scdn.vn/img4/2024/02_27/llcQnfH6qzZWUHbs40oT.jpg",1
"hot-SKU37","SALE - Màn Hình PC Cũ ( ẢNH THẬT) Hình Ảnh Sắc Nét, Giá Cả Phải Chăng Các Hãng Dell, ASUS , HP, LG, AOC, SAMSUNG 17""-19""-20""-22""-24"" Sẵn Sàng Đồng Hành Cùng Bạn",1350000,"Màn hình máy tính Để Bàn PC Cũ ( ẢNH THẬT) 
Các Hãng Dell, ASUS , HP, LG, AOC, SAMSUNG 
17&#34;- 19&#34;-  20&#34;- 22&#34;- 24&#34;   inch Giá Rẻ 
- Hình ảnh đẹp chất lượng -

=================================

Hàng Thanh lí Văn Phòng Hình Ảnh đẹp ,","<p style=""text-align: center;""><span style=""font-size: 24pt;""><strong>Màn hình máy tính Để Bàn PC Cũ ( ẢNH THẬT) </strong></span></p>
<p style=""text-align: center;""><span style=""font-size: 24pt;""><strong>Các Hãng Dell, ASUS , HP, LG, AOC, SAMSUNG </strong></span></p>
<p style=""text-align: center;""><span style=""font-size: 24pt;""><strong>17&#34;- 19&#34;-  20&#34;- 22&#34;- <em>24&#34;   inch</em> Giá Rẻ </strong></span></p>
<p style=""text-align: center;""><span style=""font-size: 24pt;""><strong>- Hình ảnh đẹp chất lượng -</strong></span></p>
<p style=""text-align: center;""><span style=""font-size: 24pt;""><strong><img src=""https://media3.scdn.vn/img4/2024/04_20/b3TIQlUrWGvW4secJfTZ.jpg""></strong></span></p>
<p style=""text-align: center;"">=================================</p>
<p style=""text-align: center;""><img src=""https://media3.scdn.vn/img4/2024/04_25/Y1KpWezuc8erZMMFTgWi.jpg""><img src=""https://media3.scdn.vn/img4/2024/04_25/0ze1NftQeVxGfexfQAMt.jpg""></p>
<p style=""text-align: center;""><span style=""color: #333333; font-size: 24pt;""><span style=""color: rgba(0, 0, 0, 0.8);"">Hàng Thanh lí Văn Phòng Hình Ảnh đẹp ,dùng bền,hình thức đẹp. </span></span></p>
<p style=""text-align: center;""><span style=""color: rgba(0, 0, 0, 0.8);""><span style=""font-size: 32px;"">= <em><span style=""text-decoration: underline;""><strong>ĐẦY ĐỦ DÂY NGUỒN + DÂY CÁP TÍN HIỆU VGA</strong></span></em> =</span></span></p>
<p style=""text-align: center;""><span style=""color: #f1c40f; background-color: #000000;""><strong><span style=""font-size: 24pt; background-color: #000000;"">MÀN HÌNH SẼ ĐƯỢC TEST  TRƯỚC KHI GỬI CẨN THẬN TRÁNH ĐỔI TRẢ </span></strong></span></p>","Laptop, Máy tính & Thiết bị văn phòng, Máy tính để bàn, Màn hình máy tính","OEM","https://media3.scdn.vn/img4/2024/04_20/BXmQLzmGkFAmT3BRzTxI.jpg, https://media3.scdn.vn/img4/2024/04_25/YGbzhf5qgYdx7nTASDm2.jpg, https://media3.scdn.vn/img4/2024/04_25/r0t89o7Yg7mzKxBw8jfS.jpg",1
"DELL T3500","[HCM] PC Máy Tính để Bàn Cũ Gía Rẻ Main DELL T3500 CPU Xeon W3520/ RAM 8GB/ SSD 120GB + HDD 500GB/ Nvidia Quadro 2000 (1GB)",2000000,"PC Máy Tính để Bàn Cũ Gía Rẻ Main DELL T3500 CPU Xeon W3520/ RAM 8GB/ SSD 120GB + HDD 500GB/ Nvidia Quadro 2000 (1GB)","<p>PC Máy Tính để Bàn Cũ Gía Rẻ Main DELL T3500 CPU Xeon W3520/ RAM 8GB/ SSD 120GB + HDD 500GB/ Nvidia Quadro 2000 (1GB)</p>","Laptop, Máy tính & Thiết bị văn phòng, Máy tính để bàn, Máy tính để bàn","OEM","https://media3.scdn.vn/img4/2024/02_22/tFoy6UFNWLUsPTFmW8aw.jpg, https://media3.scdn.vn/img4/2024/02_22/fcmpiy9wttSxP1M2Zk2m.jpg, https://media3.scdn.vn/img4/2024/02_22/UppgY1voT8qvIx5gWrUt.jpg",1
"Acer Verition S6620G","[HCM] PC Máy Tính Để Bàn Cũ Main Acer Verition S6620G CPU Core I5-3570/ Ram 8GB/ HDD 500GB/ VGA Intel HD Graphics",2100000,"PC Máy Tính Để Bàn Cũ Main Acer Verition S6620G CPU Core I5-3570/ Ram 8GB/ HDD 500GB/ VGA Intel HD Graphics
 

 
 
 
 
 

 
 
 
 
 
 


 
THÔNG SỐ KỸ THUẬT




- Bộ vi xử lý/ tốc độ xử lý


Intel Core I5-3570




- Đồ họa onboard


Intel HD Graphics ","<p style=""text-align: left;""><span style=""font-size: 14pt;"">PC Máy Tính Để Bàn Cũ Main Acer Verition S6620G CPU Core I5-3570/ Ram 8GB/ HDD 500GB/ VGA Intel HD Graphics</span></p>
<p style=""text-align: center;""> </p>
<p style=""text-align: center;""><span style=""font-size: 14pt;""><img src=""https://media3.scdn.vn/img4/2023/11_20/DlJLlqOr2WYo2YM9y0OS_simg_d0daf0_800x1200_max.jpg""></span></p>
<p style=""text-align: center;""> </p>
<p style=""text-align: center;""> </p>
<p style=""text-align: center;""> </p>
<p style=""text-align: center;""> </p>
<p style=""text-align: center;""> </p>
<p style=""text-align: center;""><span style=""font-size: 14pt;""><img src=""https://media3.scdn.vn/img4/2023/11_20/z3Jneakfd8JTesuKwY3t_simg_d0daf0_800x1200_max.jpg""></span></p>
<p style=""text-align: center;""> </p>
<p style=""text-align: center;""> </p>
<p style=""text-align: center;""> </p>
<p style=""text-align: center;""> </p>
<p style=""text-align: center;""> </p>
<p style=""text-align: center;""> </p>
<p style=""text-align: center;""><span style=""font-size: 14pt;""><img src=""https://media3.scdn.vn/img4/2023/11_20/rNB1VrXR4B9rIZ62HdMX_simg_d0daf0_800x1200_max.jpg""></span></p>
<article>
<p> </p>
<p><span style=""font-size: 14pt;""><span style=""color: #333333;"">THÔNG </span><span style=""color: #333333;"">SỐ KỸ THUẬT</span></span></p>
<table><colgroup><col width=""325""><col width=""325""></colgroup>
<tbody>
<tr>
<td colspan=""1"" rowspan=""1"">
<p><span style=""color: #333333; font-size: 14pt;"">- Bộ vi xử lý/ tốc độ xử lý</span></p>
</td>
<td colspan=""1"" rowspan=""1"">
<p><span style=""color: #333333; font-size: 14pt;"">Intel Core I5-3570</span></p>
</td>
</tr>
<tr>
<td colspan=""1"" rowspan=""1"">
<p><span style=""color: #333333; font-size: 14pt;"">- Đồ họa onboard</span></p>
</td>
<td colspan=""1"" rowspan=""1"">
<p><span style=""color: #333333; font-size: 14pt;"">Intel HD Graphics </span></p>
</td>
</tr>
<tr>
<td colspan=""1"" rowspan=""1"">
<p><span style=""color: #333333; font-size: 14pt;"">- Mainboard</span></p>
</td>
<td colspan=""1"" rowspan=""1"">
<p><span style=""color: #333333; font-size: 14pt;"">Acer Verition S6620G</span></p>
</td>
</tr>
<tr>
<td colspan=""1"" rowspan=""1"">
<p><span style=""color: #333333; font-size: 14pt;"">- Dung lượng ổ cứng HDD</span></p>
</td>
<td colspan=""1"" rowspan=""1"">
<p><span style=""color: #333333; font-size: 14pt;"">500GB </span></p>
</td>
</tr>
<tr>
<td colspan=""1"" rowspan=""1"">
<p><span style=""color: #333333; font-size: 14pt;"">- Làm mát bằng</span></p>
</td>
<td colspan=""1"" rowspan=""1"">
<p><span style=""color: #333333; font-size: 14pt;"">Gió ( Fan ZIN )</span></p>
</td>
</tr>
<tr>
<td colspan=""1"" rowspan=""1"">
<p><span style=""color: #333333; font-size: 14pt;"">- nguồn ATX</span></p>
</td>
<td colspan=""1"" rowspan=""1"">
<p><span style=""color: #333333; font-size: 14pt;"">ACBEL 450</span></p>
</td>
</tr>
<tr>
<td colspan=""1"" rowspan=""1"">
<p><span style=""color: #333333; font-size: 14pt;"">- Hệ điều hành</span></p>
</td>
<td colspan=""1"" rowspan=""1"">
<p><span style=""color: #333333; font-size: 14pt;"">Windows 7 (có thể thay đổi)</span></p>
</td>
</tr>
<tr>
<td colspan=""1"" rowspan=""1"">
<p><span style=""color: #333333; font-size: 14pt;"">- Phụ kiện kèm theo</span></p>
</td>
<td colspan=""1"" rowspan=""1"">
<p><span style=""color: #333333; font-size: 14pt;"">Dây nguồn</span></p>
</td>
</tr>
<tr>
<td colspan=""1"" rowspan=""1"">
<p><span style=""color: #333333; font-size: 14pt;"">- Tình trạng bảo hành hãng</span></p>
</td>
<td colspan=""1"" rowspan=""1"">
<p><span style=""color: #333333; font-size: 14pt;"">Hết bảo hành hãng </span></p>
</td>
</tr>
<tr>
<td colspan=""2"" rowspan=""1"">
<p><span style=""color: #333333; font-size: 14pt;"">TẤT CẢ PC CŨ ĐƯỢC BẢO HÀNH 03 THÁNG</span></p>
<p><span style=""color: #333333; font-size: 14pt;""> Hoàn tiền hoặc đổi máy khác nếu máy bị lỗi PHẦN CỨNG trong vòng 07 ngày kể từ ngày mua.</span></p>
</td>
</tr>
</tbody>
</table>
</article>
<p style=""text-align: left;""> </p>","Laptop, Máy tính & Thiết bị văn phòng, Máy tính để bàn, Máy tính để bàn","OEM","https://media3.scdn.vn/img4/2023/11_20/DlJLlqOr2WYo2YM9y0OS.jpg, https://media3.scdn.vn/img4/2023/11_20/z3Jneakfd8JTesuKwY3t.jpg, https://media3.scdn.vn/img4/2023/11_20/rNB1VrXR4B9rIZ62HdMX.jpg",1
"Dell Vostro 3669","[HCM] PC Máy Tính để Bàn Cũ Gía Rẻ Dell Vostro 3669 CPU Core I3-7100/ Ram 8GB/ SSD 128GB + HDD 500GB/ VGA Intel HD Graphics",2800000,"PC Máy Tính để Bàn Cũ Gía Rẻ Dell Vostro 3669 CPU Core I3-7100/ Ram 8GB/ SSD 128GB + HDD 500GB/ VGA Intel HD Graphics","<p>PC Máy Tính để Bàn Cũ Gía Rẻ Dell Vostro 3669 CPU Core I3-7100/ Ram 8GB/ SSD 128GB + HDD 500GB/ VGA Intel HD Graphics</p>","Laptop, Máy tính & Thiết bị văn phòng, Máy tính để bàn, Máy tính để bàn","OEM","https://media3.scdn.vn/img4/2024/02_24/CDiTQUxfW5V2u8hz8IEo.jpg, https://media3.scdn.vn/img4/2024/02_24/icJvypTMP9fWuuwE96Pm.jpg, https://media3.scdn.vn/img4/2024/02_24/gs1NuiZscl8VEYwizYPi.jpg",1
